3-pbs.mtd_Potential_V,3-pbs.mtd_Current_raw_uA,3-pbs.mtd_Current_shift_uA,10_pm_Potential_V,10_pm_Current_raw_uA,10_pm_Current_shift_uA,50_pm_Potential_V,50_pm_Current_raw_uA,50_pm_Current_shift_uA,100_pm_Potential_V,100_pm_Current_raw_uA,100_pm_Current_shift_uA,250_pm_Potential_V,250_pm_Current_raw_uA,250_pm_Current_shift_uA,500_pm_Potential_V,500_pm_Current_raw_uA,500_pm_Current_shift_uA
0.0,13.074997999999997,8.779163399999998,0.0,14.112499999999997,9.158333299999995,0.0,16.112499,10.491665999999999,0.0,16.887502000000005,10.629169500000005,0.0,18.249999999999996,11.304166999999996,0.0,19.1375,11.633334
0.005,12.691665,8.395830400000001,0.005,13.704169999999998,8.750003299999996,0.005,15.670831999999997,10.049998999999996,0.005,16.420834000000003,10.162501500000003,0.005,17.737501,10.791668000000001,0.005,18.591665999999996,11.087499999999997
0.01,12.329165,8.0333304,0.01,13.316665999999998,8.362499299999996,0.01,15.237501000000002,9.616668,0.01,15.962496999999999,9.7041645,0.01,17.250000000000004,10.304167000000003,0.01,18.074997999999997,10.570831999999998
0.015,12.012498999999998,7.716664399999999,0.015,12.974999,8.020832299999999,0.015,14.820832000000003,9.199999000000002,0.015,15.537503999999998,9.279171499999999,0.015,16.791666999999997,9.845833999999996,0.015,17.591669000000003,10.087503000000003
0.02,11.695831999999998,7.399997399999998,0.02,12.641668000000003,7.687501300000002,0.02,14.433330999999995,8.812497999999994,0.02,15.120838,8.8625055,0.02,16.375000999999997,9.429167999999997,0.02,17.150003,9.645837000000002
0.025,11.404165,7.108330400000002,0.025,12.333333,7.379166299999999,0.025,14.070828999999996,8.449995999999995,0.025,14.758332,8.4999995,0.025,15.970835999999998,9.025002999999998,0.025,16.737503999999998,9.233337999999998
0.03,11.120830999999999,6.8249964,0.03,12.045836,7.091669299999999,0.03,13.745830999999999,8.124997999999998,0.03,14.408333000000002,8.150000500000003,0.03,15.600000999999999,8.654167999999999,0.03,16.366667,8.862501
0.035,10.858332999999998,6.562498399999999,0.035,11.7625,6.808333299999998,0.035,13.408334,7.787500999999999,0.035,14.083332000000002,7.824999500000002,0.035,15.225000000000001,8.279167000000001,0.035,15.983334000000003,8.479168000000003
0.04,10.608335,6.312500400000001,0.04,11.504166999999999,6.550000299999998,0.04,13.099998,7.479164999999998,0.04,13.749999,7.491666500000001,0.04,14.887501,7.941668,0.04,15.616666000000002,8.112500000000002
0.045,10.366665999999999,6.070831399999999,0.045,11.241668,6.2875013,0.045,12.795831000000002,7.174998,0.045,13.454165,7.1958325,0.045,14.558335,7.612501999999999,0.045,15.270834,7.766668000000001
0.05,10.133332,5.8374974,0.05,11.004167999999998,6.050001299999997,0.05,12.516665000000001,6.895832,0.05,13.166667,6.9083345000000005,0.05,14.262498999999998,7.316665999999998,0.05,14.949998999999998,7.445832999999999
0.055,9.920834,5.6249994,0.055,10.7875,5.833333299999999,0.055,12.254163999999998,6.6333309999999965,0.055,12.916666000000001,6.658333500000001,0.055,13.970834,7.025001,0.055,14.658333,7.154167000000001
0.06,9.724998999999999,5.4291643999999994,0.06,10.583335000000002,5.629168300000001,0.06,12.016665999999999,6.395832999999998,0.06,12.658334,6.4000015,0.06,13.704165000000001,6.758332000000001,0.06,14.374999,6.870833000000001
0.065,9.541666000000001,5.245831400000002,0.065,10.391666,5.4374993,0.065,11.787500999999999,6.166667999999998,0.065,12.424999999999999,6.166667499999999,0.065,13.441667000000002,6.495834000000002,0.065,14.125001999999999,6.620835999999999
0.07,9.3625,5.0666654000000015,0.07,10.195832999999999,5.241666299999998,0.07,11.587502,5.966669,0.07,12.200000000000001,5.941667500000001,0.07,13.216665999999998,6.270832999999998,0.07,13.8875,6.383334
0.075,9.183333000000001,4.887498400000002,0.075,10.0249993,5.070832599999998,0.075,11.383334,5.7625009999999985,0.075,11.995834,5.7375015000000005,0.075,12.995834,6.050001,0.075,13.666666000000001,6.162500000000001
0.08,9.0291667,4.7333321,0.08,9.8624978,4.908331099999999,0.08,11.208334,5.587501,0.08,11.799998999999998,5.541666499999998,0.08,12.799997000000001,5.854164000000001,0.08,13.458333999999999,5.954167999999999
0.085,8.887501,4.591666400000001,0.085,9.716666700000001,4.7625,0.085,11.012500000000001,5.391667,0.085,11.616667,5.3583345,0.085,12.5999985,5.6541654999999995,0.085,13.249998,5.745832
0.09,8.7708346,4.475000000000001,0.09,9.583331999999999,4.629165299999998,0.09,10.8416676,5.220834599999998,0.09,11.458333000000001,5.200000500000002,0.09,12.429167,5.483333999999999,0.09,13.079163700000002,5.574997700000003
0.095,8.641665799999998,4.345831199999999,0.095,9.429167,4.475000299999999,0.095,10.6666673,5.045834299999999,0.095,11.304165000000001,5.045832500000001,0.095,12.270832400000002,5.324999400000001,0.095,12.916666000000001,5.412500000000001
0.1,8.5166666,4.2208320000000015,0.1,9.279167000000001,4.3250003,0.1,10.512501,4.891667999999999,0.1,11.1333339,4.8750014,0.1,12.108333700000001,5.162500700000001,0.1,12.775001000000001,5.270835000000002
0.105,8.366667199999998,4.070832599999999,0.105,9.1083336,4.154166899999999,0.105,10.3541663,4.733333299999998,0.105,10.9666664,4.7083338999999995,0.105,11.933333399999999,4.987500399999998,0.105,12.6041684,5.100002400000001
0.11,8.2208335,3.9249989000000003,0.11,8.9666651,4.012498399999999,0.11,10.1875003,4.566667299999999,0.11,10.812499599999999,4.554167099999999,0.11,11.7541677,4.8083347,0.11,12.4250006,4.920834600000001
0.115,8.079167,3.783332400000001,0.115,8.8208331,3.866666399999999,0.115,10.0083331,4.387500099999999,0.115,10.662500300000001,4.4041678000000015,0.115,11.5916667,4.645833699999999,0.115,12.2541674,4.7500014
0.12,7.950000040000001,3.6541654400000017,0.12,8.674999,3.7208322999999988,0.12,9.833334299999999,4.212501299999998,0.12,10.487499300000001,4.229166800000002,0.12,11.4249998,4.4791668,0.12,12.083333360000001,4.579167360000001
0.125,7.8208337,3.5249991000000005,0.125,8.520832988,3.5666662879999995,0.125,9.67083298,4.049999979999999,0.125,10.275000319999998,4.016667819999999,0.125,11.25833398,4.312500979999999,0.125,11.91666734,4.41250134
0.13,7.666666375,3.370831775000001,0.13,8.3416665,3.3874997999999996,0.13,9.49999933,3.8791663299999986,0.13,10.1000003,3.8416677999999997,0.13,11.07499937,4.12916637,0.13,11.73333366,4.22916766
0.135,7.495833360000001,3.1999987600000015,0.135,8.1583332,3.2041664999999986,0.135,9.2999993,3.6791662999999986,0.135,9.9000004,3.6416679,0.135,10.8625,3.9166670000000003,0.135,11.520833,4.016667
0.14,7.3208335,3.024998900000001,0.14,7.9583338,3.004167099999999,0.14,9.0999999,3.479166899999999,0.14,9.7166664,3.4583338999999995,0.14,10.641668000000001,3.6958350000000006,0.14,11.312498900000001,3.8083329000000017
0.145,7.1416668,2.845832200000001,0.145,7.766666900000001,2.8125001999999997,0.145,8.8874996,3.266666599999999,0.145,9.4833336,3.2250011,0.145,10.4083337,3.4625006999999997,0.145,11.075,3.5708339999999996
0.15,6.9624996,2.666665000000001,0.15,7.562499799999999,2.6083330999999985,0.15,8.6708338,3.0500007999999994,0.15,9.2583329,3.0000003999999993,0.15,10.1916669,3.245833899999999,0.15,10.825,3.3208339999999996
0.155,6.7583334,2.4624988000000005,0.155,7.3625,2.408333299999999,0.155,8.441666300000001,2.8208333000000003,0.155,9.0374995,2.7791669999999993,0.155,9.9458334,3.0000003999999993,0.155,10.5916666,3.0875006000000003
0.16,6.5708336,2.274999000000001,0.16,7.1458333,2.1916665999999987,0.16,8.2041664,2.583333399999999,0.16,8.8000003,2.541667800000001,0.16,9.687499599999999,2.7416665999999985,0.16,10.345833800000001,2.8416678000000015
0.165,6.375,2.079165400000001,0.165,6.9333333,1.9791665999999992,0.165,7.9666665,2.3458334999999986,0.165,8.5583332,2.3000007,0.165,9.445833400000001,2.500000400000001,0.165,10.1208335,2.6166675
0.17,6.2041667,1.9083321000000009,0.17,6.7124998,1.7583330999999989,0.17,7.7291665,2.1083334999999988,0.17,8.3166668,2.0583343000000003,0.17,9.1958326,2.249999599999999,0.17,9.8458331,2.3416671000000004
0.175,6.0041665,1.708331900000001,0.175,6.508333,1.5541662999999994,0.175,7.5041664,1.8833333999999988,0.175,8.0874997,1.8291672000000005,0.175,8.966665899999999,2.0208328999999985,0.175,9.6125002,2.1083342
0.18,5.8208333,1.5249987000000012,0.18,6.308333599999999,1.3541668999999983,0.18,7.2958332,1.6750001999999986,0.18,7.8791664,1.6208339,0.18,8.7125,1.766667,0.18,9.375000400000001,1.8708344000000015
0.185,5.6333332,1.3374986000000009,0.185,6.1416666499999994,1.1874999499999985,0.185,7.091667,1.470833999999999,0.185,7.662500339999999,1.4041678399999995,0.185,8.5041662,1.5583331999999999,0.185,9.154167,1.6500009999999996
0.19,5.4666667,1.170832100000001,0.19,5.970833659999999,1.0166669599999985,0.19,6.895833349999999,1.2750003499999982,0.19,7.4583337,1.2000012,0.19,8.27083364,1.325000639999999,0.19,8.912500699999999,1.4083346999999993
0.195,5.29999995,1.004165350000001,0.195,5.82500034,0.870833639999999,0.195,6.70416637,1.0833333699999992,0.195,7.2625003999999995,1.0041678999999997,0.195,8.07083366,1.1250006599999995,0.195,8.68749904,1.1833330400000008
0.2,5.150000334,0.8541657340000004,0.2,5.675000000000001,0.7208332999999998,0.2,6.5291667,0.9083336999999991,0.2,7.0958333,0.8375007999999999,0.2,7.85,0.9041669999999993,0.2,8.458333699999999,0.9541676999999993
0.205,5.008333299999999,0.7124987000000003,0.205,5.53749966,0.583332959999999,0.205,6.37083366,0.7500006599999987,0.205,6.9291666,0.6708341000000004,0.205,7.699999400000001,0.7541664000000008,0.205,8.2708334,0.7666674000000011
0.21,4.8791668999999995,0.5833323000000004,0.21,5.404167,0.45000029999999924,0.21,6.2208331999999995,0.6000001999999984,0.21,6.7875005999999996,0.5291680999999997,0.21,7.5375003,0.5916672999999992,0.21,8.1083345,0.6041685000000001
0.215,4.7458336999999995,0.4499991000000003,0.215,5.283333300000001,0.32916659999999975,0.215,6.066666100000001,0.44583309999999976,0.215,6.662499899999999,0.4041673999999995,0.215,7.404167599999999,0.4583345999999988,0.215,7.9916675,0.4875015000000005
0.22,4.6374996,0.3416650000000008,0.22,5.2083333,0.2541665999999987,0.22,5.9500004,0.32916739999999933,0.22,6.574999699999999,0.3166671999999995,0.22,7.2749995,0.3291664999999995,0.22,7.875000499999999,0.37083449999999907
0.225,4.5625,0.26666540000000083,0.225,5.154166399999999,0.19999969999999845,0.225,5.875000199999999,0.2541671999999977,0.225,6.4875002,0.22916770000000053,0.225,7.1875010999999995,0.24166809999999916,0.225,7.795833000000001,0.29166700000000123
0.23,4.4999997,0.20416510000000088,0.23,5.095833300000001,0.14166659999999975,0.23,5.820831999999999,0.19999899999999826,0.23,6.416666000000001,0.15833350000000124,0.23,7.120833000000001,0.1750000000000007,0.23,7.7166654999999995,0.21249949999999984
0.235,4.4416666,0.1458320000000004,0.235,5.033332700000001,0.07916599999999985,0.235,5.7583332,0.13750019999999896,0.235,6.358333999999999,0.10000149999999941,0.235,7.062500000000001,0.11666700000000052,0.235,7.654167599999999,0.1500015999999995
0.24,4.3875003,0.09166570000000096,0.24,4.9874993,0.03333259999999871,0.24,5.691667000000001,0.07083399999999962,0.24,6.3083336999999995,0.050001199999999635,0.24,7.0041666,0.05833359999999921,0.24,7.587498999999999,0.08333299999999966
0.245,4.3458333,0.04999870000000062,0.245,4.970833000000001,0.0166662999999998,0.245,5.6458337,0.025000699999998766,0.245,6.270832700000001,0.012500200000000738,0.245,6.970834,0.025000999999999607,0.245,7.5375000000000005,0.03333400000000086
0.25,4.3125,0.01666540000000083,0.25,4.9583335,0.004166799999999249,0.25,5.6250007,0.004167699999999108,0.25,6.254167,-0.004165500000000044,0.25,6.9375,-0.008333000000000368,0.25,7.512499399999999,0.008333399999999713
0.255,4.2916669999999995,-0.004167599999999716,0.255,4.954166700000001,0.0,0.255,5.620833000000001,0.0,0.255,6.2583325,0.0,0.255,6.945833,0.0,0.255,7.495834500000001,-0.008331499999998826
0.26,4.295834599999999,0.0,0.26,4.962500500000001,0.008333799999999947,0.26,5.637501,0.01666799999999924,0.26,6.266666600000001,0.008334100000000788,0.26,6.958334000000001,0.012501000000000317,0.26,7.504166,0.0
0.265,4.3125,0.01666540000000083,0.265,4.9916675,0.037500799999999224,0.265,5.6500006,0.029167599999999183,0.265,6.279166,0.02083350000000017,0.265,6.987501,0.041667999999999594,0.265,7.516667,0.012501000000000317
0.27,4.324999999999999,0.02916540000000012,0.27,5.0166664999999995,0.06249979999999855,0.27,5.6666669999999995,0.045833999999998376,0.27,6.304164999999999,0.0458324999999995,0.27,6.995834,0.05000099999999996,0.27,7.541667,0.03750100000000067
0.275,4.345833000000001,0.04999840000000155,0.275,5.045833399999999,0.09166669999999844,0.275,5.683333,0.06249999999999911,0.275,6.3333335,0.07500100000000032,0.275,7.016667999999999,0.07083499999999887,0.275,7.566665,0.06249900000000075
0.28,4.379166,0.0833314000000005,0.28,5.0791675000000005,0.12500079999999958,0.28,5.720833700000001,0.10000069999999983,0.28,6.370833000000001,0.11250050000000122,0.28,7.045835,0.10000199999999992,0.28,7.604165999999999,0.09999999999999964
0.285,4.416667,0.12083240000000117,0.285,5.129167000000001,0.17500029999999978,0.285,5.779166,0.15833299999999895,0.285,6.404166,0.14583350000000017,0.285,7.091665999999998,0.14583299999999788,0.285,7.650001,0.14583499999999994
0.29,4.454167,0.15833240000000082,0.29,5.183334299999999,0.22916759999999847,0.29,5.845832000000001,0.2249989999999995,0.29,6.454166000000001,0.19583350000000088,0.29,7.133333,0.1875,0.29,7.708334000000001,0.20416800000000102
0.295,4.4791665,0.18333190000000066,0.295,5.237500600000001,0.2833338999999997,0.295,5.895832,0.2749989999999993,0.295,6.495835000000001,0.2375025000000015,0.295,7.187500999999999,0.24166799999999888,0.295,7.758332000000001,0.25416600000000145
0.3,4.520834,0.22499940000000063,0.3,5.287500700000001,0.3333339999999998,0.3,5.933332999999999,0.3124999999999982,0.3,6.558333000000001,0.3000005000000012,0.3,7.2374990000000015,0.2916660000000011,0.3,7.799999,0.295833
0.305,4.566667499999999,0.27083290000000027,0.305,5.350001,0.39583429999999886,0.305,5.970832999999999,0.34999999999999787,0.305,6.612499,0.35416649999999983,0.305,7.300000000000001,0.35416700000000034,0.305,7.837498999999999,0.33333299999999966
0.31,4.629166000000001,0.3333314000000014,0.31,5.408334,0.45416729999999905,0.31,6.016665999999999,0.3958329999999979,0.31,6.679166000000002,0.4208335000000023,0.31,7.35,0.4041669999999993,0.31,7.879165,0.37499900000000075
0.315,4.695834,0.39999940000000045,0.315,5.487499,0.5333322999999988,0.315,6.091666999999999,0.4708339999999982,0.315,6.750001000000001,0.4916685000000012,0.315,7.424997999999999,0.4791649999999983,0.315,7.937501000000001,0.43333500000000136
0.32,4.7583337,0.4624991000000005,0.32,5.558333000000001,0.6041663000000002,0.32,6.158333000000001,0.5374999999999996,0.32,6.8166660000000014,0.5583335000000016,0.32,7.474999,0.529166,0.32,7.987498,0.48333200000000076
0.325,4.8333326,0.5374980000000011,0.325,5.629164999999999,0.6749982999999977,0.325,6.241667,0.6208339999999986,0.325,6.8791660000000014,0.6208335000000016,0.325,7.524998999999999,0.579165999999999,0.325,8.033333,0.529167000000001
0.33,4.8916664999999995,0.5958319000000003,0.33,5.691666,0.7374992999999987,0.33,6.295832000000001,0.6749989999999997,0.33,6.929166000000002,0.6708335000000023,0.33,7.549999,0.6041659999999993,0.33,8.058333,0.5541669999999996
0.335,4.970834,0.6749994000000008,0.335,5.75,0.7958332999999991,0.335,6.358333999999999,0.7375009999999982,0.335,6.991667999999999,0.733335499999999,0.335,7.604165999999999,0.658332999999999,0.335,8.087498999999998,0.5833329999999979
0.34,5.0375,0.7416654000000005,0.34,5.8125,0.8583332999999991,0.34,6.412500999999999,0.7916679999999978,0.34,7.033332,0.7749994999999998,0.34,7.654166999999999,0.7083339999999989,0.34,8.112497999999999,0.608331999999999
0.345,5.108333,0.8124984000000008,0.345,5.875,0.9208332999999991,0.345,6.475000999999999,0.8541679999999978,0.345,7.087498999999999,0.8291664999999995,0.345,7.704164999999998,0.7583319999999976,0.345,8.154164999999999,0.6499989999999993
0.35,5.179167999999999,0.8833333999999997,0.35,5.941668,0.987501299999999,0.35,6.529166,0.908332999999999,0.35,7.116667,0.8583344999999998,0.35,7.725003000000001,0.7791700000000006,0.35,8.170834,0.6666679999999996
0.355,5.245832,0.9499974000000009,0.355,6.012498000000001,1.0583312999999999,0.355,6.587497999999998,0.9666649999999972,0.355,7.187500999999999,0.9291684999999994,0.355,7.754166999999999,0.8083339999999986,0.355,8.208333000000001,0.7041670000000018
0.36,5.325001,1.0291664000000011,0.36,6.075001,1.1208342999999994,0.36,6.645833,1.0249999999999986,0.36,7.229167,0.9708345000000005,0.36,7.783333000000001,0.8375000000000004,0.36,8.224998,0.7208319999999997
0.365,5.383334999999999,1.0875003999999997,0.365,6.137500000000001,1.1833333000000001,0.365,6.712498999999999,1.0916659999999982,0.365,7.279166999999999,1.0208344999999994,0.365,7.812500000000002,0.8666670000000014,0.365,8.254165999999998,0.7499999999999982
0.37,5.445834,1.1499994000000004,0.37,6.191666999999999,1.237500299999998,0.37,6.754168,1.1333349999999989,0.37,7.300001999999999,1.0416694999999994,0.37,7.8375,0.891667,0.37,8.266666999999998,0.7625009999999985
0.375,5.512501,1.2166664000000011,0.375,6.2499980000000015,1.2958313000000006,0.375,6.791666000000001,1.170833,0.375,7.329167999999999,1.0708354999999994,0.375,7.862500000000001,0.9166670000000003,0.375,8.279167000000001,0.7750010000000014
0.38,5.591667000000001,1.2958324000000019,0.38,6.299998,1.3458312999999995,0.38,6.824999999999999,1.2041669999999982,0.38,7.3583359999999995,1.1000034999999997,0.38,7.887497,0.9416639999999994,0.38,8.283332999999999,0.7791669999999993
0.385,5.654168000000002,1.358333400000003,0.385,6.345834999999999,1.3916682999999983,0.385,6.870834,1.2500009999999993,0.385,7.387499999999999,1.1291674999999994,0.385,7.899999999999999,0.9541669999999982,0.385,8.279164999999999,0.7749989999999993
0.39,5.708334999999998,1.412500399999999,0.39,6.387498999999998,1.4333322999999973,0.39,6.9125,1.2916669999999986,0.39,7.412501000000001,1.1541685000000008,0.39,7.904166,0.9583329999999997,0.39,8.283335000000001,0.7791690000000013
0.395,5.754167999999998,1.458333399999999,0.395,6.437500999999999,1.4833342999999983,0.395,6.941666999999999,1.3208339999999978,0.395,7.412498999999999,1.1541664999999988,0.395,7.904167000000001,0.9583340000000007,0.395,8.270831999999999,0.766665999999999
0.4,5.791666999999999,1.4958323999999994,0.4,6.483331999999999,1.529165299999998,0.4,6.962499999999999,1.3416669999999975,0.4,7.420832999999998,1.1625004999999984,0.4,7.891666000000001,0.9458330000000004,0.4,8.25,0.7458340000000003
0.405,5.841665999999998,1.545831399999999,0.405,6.516667999999999,1.5625012999999983,0.405,6.979165999999999,1.3583329999999982,0.405,7.416665999999999,1.1583334999999995,0.405,7.875,0.9291669999999996,0.405,8.208334,0.704168000000001
0.41,5.895830999999999,1.5999964000000002,0.41,6.545836000000001,1.5916693000000004,0.41,6.995832,1.374998999999999,0.41,7.454167999999999,1.1958354999999994,0.41,7.870832,0.9249989999999997,0.41,8.183333999999999,0.6791679999999989
0.415,5.966666,1.6708314000000009,0.415,6.583335,1.629168299999999,0.415,7.020833,1.3999999999999986,0.415,7.454168000000003,1.195835500000003,0.415,7.862499,0.9166659999999993,0.415,8.158332999999999,0.6541669999999993
0.42,6.020835000000002,1.7250004000000025,0.42,6.616667999999999,1.662501299999998,0.42,7.037498000000001,1.416665,0.42,7.462502000000001,1.2041695000000008,0.42,7.858333000000002,0.9125000000000014,0.42,8.133332,0.6291659999999997
0.425,6.062501000000001,1.7666664000000019,0.425,6.645834000000001,1.6916672999999998,0.425,7.041667,1.4208339999999993,0.425,7.445833,1.1875005000000005,0.425,7.841666,0.8958329999999997,0.425,8.091666999999998,0.5875009999999978
0.43,6.100000000000001,1.8041654000000023,0.43,6.654166,1.699999299999999,0.43,7.016665999999999,1.3958329999999979,0.43,7.4374980000000015,1.1791655000000016,0.43,7.816665,0.870832,0.43,8.029164000000002,0.5249980000000019
0.435,6.129167000000001,1.8333324000000015,0.435,6.675000000000001,1.7208332999999998,0.435,7.033334,1.412500999999999,0.435,7.420833999999999,1.1625014999999994,0.435,7.779164999999999,0.8333319999999986,0.435,7.962499999999999,0.4583339999999989
0.44,6.158334,1.8624994000000008,0.44,6.695833,1.7416662999999994,0.44,7.041664000000001,1.4208309999999997,0.44,7.387498000000001,1.129165500000001,0.44,7.733333000000002,0.7875000000000014,0.44,7.904167000000001,0.4000010000000014
0.445,6.199999999999999,1.9041654000000001,0.445,6.716669999999999,1.7625032999999979,0.445,7.045833999999999,1.4250009999999982,0.445,7.354168000000001,1.0958355000000015,0.445,7.712499999999999,0.7666669999999982,0.445,7.854168000000001,0.3500020000000017
0.45,6.245834,1.9499994000000012,0.45,6.733336000000001,1.7791693000000004,0.45,7.037503000000001,1.4166699999999999,0.45,7.320831999999999,1.0624994999999995,0.45,7.670832000000001,0.7249990000000004,0.45,7.804168000000001,0.300002000000001
0.455,6.287499000000002,1.991664400000003,0.455,6.745833000000001,1.7916663000000002,0.455,7.020831999999999,1.3999989999999976,0.455,7.3125,1.0541675000000001,0.455,7.625,0.6791669999999996,0.455,7.745833000000001,0.2416670000000014
0.46,6.320834,2.0249994000000004,0.46,6.750000999999999,1.7958342999999983,0.46,7.012501,1.3916679999999992,0.46,7.300000000000001,1.0416675000000009,0.46,7.554162999999999,0.6083299999999987,0.46,7.6875,0.18333400000000033
0.465,6.333333,2.0374984000000005,0.465,6.745834000000002,1.7916673000000012,0.465,6.970834,1.350000999999999,0.465,7.266666000000001,1.0083335000000009,0.465,7.491664999999998,0.5458319999999972,0.465,7.604165999999999,0.09999999999999964
0.47,6.350001000000001,2.0541664000000015,0.47,6.733332000000001,1.7791652999999998,0.47,6.941668,1.3208349999999989,0.47,7.212501,0.9541684999999998,0.47,7.424999000000003,0.47916600000000287,0.47,7.512501,0.008335000000000647
0.475,6.362501999999999,2.0666674,0.475,6.729167999999998,1.775001299999997,0.475,6.929165000000001,1.308332,0.475,7.179165000000001,0.9208325000000013,0.475,7.370832,0.4249989999999997,0.475,7.420832000000001,-0.08333399999999891
0.48,6.391666999999998,2.095832399999999,0.48,6.712501000000003,1.7583343000000022,0.48,6.912499,1.2916659999999993,0.48,7.133335000000002,0.8750025000000026,0.48,7.304167,0.35833399999999926,0.48,7.354166000000003,-0.1499999999999968
0.485,6.412498999999999,2.1166643999999994,0.485,6.695833,1.7416662999999994,0.485,6.89583,1.274996999999999,0.485,7.087501,0.8291684999999998,0.485,7.237498000000002,0.29166500000000184,0.485,7.304167,-0.19999900000000004
0.49,6.420831,2.1249964000000006,0.49,6.675000999999998,1.7208342999999973,0.49,6.849997999999999,1.2291649999999983,0.49,7.012502000000001,0.7541695000000015,0.49,7.1541669999999975,0.20833399999999713,0.49,7.233331999999997,-0.27083400000000246
0.495,6.412500999999999,2.1166663999999997,0.495,6.658335000000001,1.7041683,0.495,6.791664999999998,1.1708319999999972,0.495,6.958331999999999,0.6999994999999988,0.495,7.075000000000003,0.12916700000000247,0.495,7.141666999999998,-0.36249900000000146
0.5,6.400002000000001,2.1041674000000015,0.5,6.633333,1.6791662999999994,0.5,6.737500000000001,1.1166669999999996,0.5,6.9041669999999975,0.6458344999999976,0.5,6.995835,0.050001999999999214,0.5,7.020835999999999,-0.4833300000000005
0.505,6.370834000000002,2.074999400000003,0.505,6.612500000000001,1.6583332999999998,0.505,6.691665999999998,1.0708329999999968,0.505,6.824999000000002,0.566666500000002,0.505,6.912500000000001,-0.03333299999999895,0.505,6.920831,-0.5833349999999999
0.51,6.362501000000002,2.0666664000000026,0.51,6.566665999999998,1.612499299999997,0.51,6.654167000000001,1.033334,0.51,6.762501,0.5041685000000005,0.51,6.841666,-0.10416700000000034,0.51,6.829169,-0.6749969999999994
0.515,6.349999,2.0541644000000012,0.515,6.533334,1.579167299999999,0.515,6.604168000000001,0.9833350000000003,0.515,6.674997000000001,0.4166645000000013,0.515,6.758331999999999,-0.18750100000000103,0.515,6.754165999999998,-0.7500000000000018
0.52,6.349999,2.0541644000000012,0.52,6.479165999999999,1.5249992999999984,0.52,6.558335,0.9375019999999985,0.52,6.629165999999998,0.37083349999999804,0.52,6.691668,-0.2541650000000004,0.52,6.683332,-0.8208339999999996
0.525,6.324998999999998,2.029164399999999,0.525,6.429167,1.4750002999999987,0.525,6.491667,0.8708339999999986,0.525,6.554167,0.2958344999999998,0.525,6.600000999999999,-0.34583200000000147,0.525,6.595832999999999,-0.9083330000000007
0.53,6.3125,2.016665400000001,0.53,6.366669000000002,1.4125023000000008,0.53,6.424999,0.8041659999999986,0.53,6.487500000000001,0.22916750000000086,0.53,6.508335000000002,-0.43749799999999794,0.53,6.5000029999999995,-1.0041630000000001
0.535,6.295834000000003,1.9999994000000036,0.535,6.316665,1.3624982999999995,0.535,6.354163999999997,0.7333309999999962,0.535,6.395833,0.1375004999999998,0.535,6.400000000000002,-0.5458329999999982,0.535,6.387500999999997,-1.116665000000003
0.54,6.266669,1.970834400000001,0.54,6.2791630000000005,1.3249962999999996,0.54,6.279167000000001,0.658334,0.54,6.300000000000001,0.04166750000000086,0.54,6.308334000000002,-0.6374989999999983,0.54,6.291665999999999,-1.2125000000000004
0.545,6.224999,1.9291644000000012,0.545,6.233333000000002,1.2791663000000009,0.545,6.212501,0.5916679999999985,0.545,6.216666,-0.04166649999999983,0.545,6.233333999999999,-0.7124990000000011,0.545,6.195831999999999,-1.3083340000000003
0.55,6.1875,1.8916654000000008,0.55,6.183332,1.2291652999999991,0.55,6.137498999999998,0.5166659999999972,0.55,6.133331999999999,-0.12500050000000051,0.55,6.154167000000001,-0.7916659999999993,0.55,6.095835000000001,-1.4083309999999987
0.555,6.145834000000001,1.8499994000000015,0.555,6.1208300000000015,1.1666633000000006,0.555,6.074998999999998,0.4541659999999972,0.555,6.058333000000001,-0.19999949999999878,0.555,6.0624980000000015,-0.8833349999999989,0.555,6.004165999999998,-1.5000000000000018
0.56,6.108333999999999,1.8124994,0.56,6.070835000000002,1.1166683000000015,0.56,5.995835,0.3750019999999985,0.56,5.966667000000001,-0.2916654999999988,0.56,5.962500000000002,-0.9833329999999982,0.56,5.891667999999999,-1.6124980000000004
0.565,6.0666660000000014,1.7708314000000023,0.565,6.0,1.045833299999999,0.565,5.908332999999999,0.28749999999999787,0.565,5.883334999999999,-0.374997500000001,0.565,5.862500000000001,-1.0833329999999997,0.565,5.791665999999999,-1.7125000000000004
0.57,6.020831000000001,1.724996400000002,0.57,5.924999,0.9708322999999988,0.57,5.820831999999999,0.19999899999999826,0.57,5.799999,-0.45833350000000017,0.57,5.75,-1.1958330000000004,0.57,5.679167000000003,-1.8249989999999965
0.575,5.966664999999999,1.6708303999999998,0.575,5.841667000000001,0.8875003000000001,0.575,5.758336999999997,0.1375039999999963,0.575,5.724997999999999,-0.5333345000000005,0.575,5.666664000000001,-1.2791689999999996,0.575,5.58333,-1.9208359999999995
0.58,5.933330999999999,1.6374963999999999,0.58,5.787500999999999,0.833334299999998,0.58,5.6916660000000014,0.07083300000000037,0.58,5.645833999999997,-0.6124985000000027,0.58,5.5583329999999975,-1.3875000000000028,0.58,5.491665999999999,-2.012500000000001
0.585,5.899999999999999,1.6041653999999994,0.585,5.741664999999998,0.7874982999999967,0.585,5.6208339999999986,9.999999974752427e-07,0.585,5.5625,-0.6958324999999999,0.585,5.491665999999999,-1.4541670000000018,0.585,5.391666999999998,-2.1124990000000015
0.59,5.833331999999999,1.5374973999999995,0.59,5.670833000000002,0.7166663000000009,0.59,5.525002000000001,-0.09583100000000044,0.59,5.462501,-0.7958315000000002,0.59,5.399999000000001,-1.5458339999999993,0.59,5.308335,-2.195831
0.595,5.737497999999999,1.4416633999999995,0.595,5.579165,0.6249982999999988,0.595,5.449999000000002,-0.17083399999999926,0.595,5.362500000000001,-0.8958324999999991,0.595,5.304169000000002,-1.6416639999999987,0.595,5.208331999999999,-2.295834000000001
0.6,5.662499,1.3666644000000012,0.6,5.487497999999999,0.5333312999999977,0.6,5.375001000000001,-0.24583200000000005,0.6,5.270831999999999,-0.9875005000000012,0.6,5.212502000000001,-1.7333309999999997,0.6,5.120834000000002,-2.3833319999999976
0.605,5.616665000000001,1.320830400000002,0.605,5.420832000000001,0.46666529999999984,0.605,5.308333000000001,-0.3125,0.605,5.200002000000001,-1.0583304999999985,0.605,5.108333999999999,-1.837499000000001,0.605,5.016662,-2.4875039999999995
0.61,5.545833999999999,1.2499994,0.61,5.366667,0.4125002999999987,0.61,5.229168000000001,-0.3916649999999997,0.61,5.129165999999998,-1.129166500000002,0.61,5.054167,-1.8916660000000007,0.61,4.933334000000002,-2.5708319999999976
0.615,5.479164999999998,1.1833303999999991,0.615,5.3083300000000015,0.3541633000000006,0.615,5.145831999999999,-0.47500100000000245,0.615,5.058330999999999,-1.2000015000000008,0.615,4.9666669999999975,-1.9791660000000029,0.615,4.8416640000000015,-2.662501999999998
0.62,5.408328999999998,1.1124943999999992,0.62,5.233333999999999,0.27916729999999834,0.62,5.058332,-0.562501000000001,0.62,4.966664999999999,-1.2916675000000009,0.62,4.8791670000000025,-2.066665999999998,0.62,4.762501,-2.7416649999999994
0.625,5.358333000000002,1.0624984000000026,0.625,5.158329000000002,0.20416230000000102,0.625,4.970831,-0.6500020000000006,0.625,4.883333,-1.3749994999999995,0.625,4.7833330000000025,-2.162499999999998,0.625,4.666667999999998,-2.837498000000002
0.63,5.274998,0.9791634000000009,0.63,5.079167999999999,0.12500129999999832,0.63,4.883331999999999,-0.7375010000000017,0.63,4.7791669999999975,-1.4791655000000024,0.63,4.6875,-2.2583330000000004,0.63,4.579169,-2.9249969999999994
0.635,5.208334000000001,0.9124994000000015,0.635,5.008334000000001,0.05416730000000047,0.635,4.787497999999999,-0.8333350000000017,0.635,4.699999999999999,-1.5583325000000006,0.635,4.612499999999997,-2.333333000000003,0.635,4.491667000000003,-3.0124989999999965
0.64,5.145834000000001,0.8499994000000015,0.64,4.941665,-0.012501700000000504,0.64,4.716667000000001,-0.904166,0.64,4.625001000000001,-1.6333314999999988,0.64,4.554165000000001,-2.3916679999999992,0.64,4.4083330000000025,-3.095832999999997
0.645,5.0916669999999975,0.7958323999999983,0.645,4.870833000000001,-0.08333369999999984,0.645,4.662500999999999,-0.9583320000000022,0.645,4.558330999999999,-1.7000015000000008,0.645,4.5,-2.4458330000000004,0.645,4.337499000000001,-3.1666669999999986
0.65,5.016667999999999,0.7208334000000001,0.65,4.795833999999999,-0.15833270000000166,0.65,4.612500999999998,-1.008332000000003,0.65,4.495834000000002,-1.7624984999999977,0.65,4.416668000000001,-2.529164999999999,0.65,4.274999999999999,-3.229166000000001
0.655,4.9416670000000025,0.6458324000000033,0.655,4.729167999999998,-0.2249987000000031,0.655,4.537500000000001,-1.0833329999999997,0.655,4.416663999999997,-1.8416685000000026,0.655,4.3166660000000014,-2.629166999999999,0.655,4.216667000000001,-3.2874989999999986
0.66,4.883333,0.5874984000000012,0.66,4.666668000000001,-0.28749869999999955,0.66,4.458331999999999,-1.1625010000000024,0.66,4.345832999999999,-1.912499500000001,0.66,4.233331,-2.7125020000000006,0.66,4.145831999999999,-3.358334000000001
0.665,4.8125,0.5166654000000008,0.665,4.587501,-0.3666657000000013,0.665,4.383334999999999,-1.2374980000000022,0.665,4.270834000000001,-1.9874984999999992,0.665,4.179167000000003,-2.766665999999997,0.665,4.070833,-3.4333329999999993
0.67,4.741664999999998,0.4458303999999984,0.67,4.495834000000002,-0.4583326999999988,0.67,4.3125,-1.308333000000001,0.67,4.216667000000001,-2.041665499999999,0.67,4.108331999999997,-2.837501000000003,0.67,4.020831999999999,-3.483334000000001
0.675,4.670831999999997,0.37499739999999804,0.675,4.425001999999999,-0.5291647000000017,0.675,4.25,-1.370833000000001,0.675,4.154167000000001,-2.104165499999999,0.675,4.045833999999999,-2.899999000000001,0.675,3.966667000000001,-3.5374989999999986
0.68,4.599998999999997,0.30416439999999767,0.68,4.366667,-0.5874997000000013,0.68,4.1875,-1.433333000000001,0.68,4.083334000000001,-2.174998499999999,0.68,3.9791659999999993,-2.966667000000001,0.68,3.908335000000001,-3.5958309999999987
0.685,4.537502999999997,0.24166839999999823,0.685,4.300001000000002,-0.6541656999999992,0.685,4.133335000000002,-1.4874979999999987,0.685,4.012501,-2.2458314999999995,0.685,3.9333329999999975,-3.012500000000003,0.685,3.8208309999999983,-3.6833350000000014
0.69,4.470832999999999,0.17499839999999978,0.69,4.225002,-0.729164700000001,0.69,4.066665999999998,-1.5541670000000032,0.69,3.945836,-2.3124965,0.69,3.870834000000002,-3.0749989999999983,0.69,3.750002000000002,-3.7541639999999976
0.695,4.420833999999999,0.1249994000000001,0.695,4.162500000000001,-0.7916666999999995,0.695,3.97917,-1.6416630000000012,0.695,3.8833330000000004,-2.3749994999999995,0.695,3.787500999999999,-3.1583320000000015,0.695,3.683334000000002,-3.8208319999999976
0.7,4.354165999999999,0.058331400000000144,0.7,4.116667,-0.8374997000000013,0.7,3.908335000000001,-1.712498,0.7,3.816665999999998,-2.441666500000002,0.7,3.7083340000000007,-3.2374989999999997,0.7,3.633336,-3.8708299999999998
0.705,4.295836000000001,1.4000000021496817e-06,0.705,4.058337000000002,-0.8958296999999993,0.705,3.837501000000003,-1.783331999999998,0.705,3.7583330000000004,-2.4999994999999995,0.705,3.658332999999999,-3.2875000000000014,0.705,3.579168000000003,-3.924997999999997
0.71,4.229168999999999,-0.06666560000000032,0.71,4.004168,-0.949998700000001,0.71,3.808334000000002,-1.812498999999999,0.71,3.704168000000003,-2.554164499999997,0.71,3.620832,-3.3250010000000003,0.71,3.5249999999999986,-3.979166000000001
0.715,4.1833339999999986,-0.11250060000000062,0.715,3.941666999999999,-1.012499700000002,0.715,3.754168,-1.8666650000000011,0.715,3.6375010000000003,-2.6208314999999995,0.715,3.5708350000000024,-3.374997999999998,0.715,3.4625020000000006,-4.041663999999999
0.72,4.112500000000001,-0.18333459999999846,0.72,3.879166999999999,-1.074999700000002,0.72,3.712500000000002,-1.908332999999999,0.72,3.587498,-2.6708345,0.72,3.504168,-3.4416650000000004,0.72,3.4124990000000004,-4.091666999999999
0.725,4.058334000000002,-0.23750059999999706,0.725,3.8291649999999997,-1.1250017000000012,0.725,3.6583320000000015,-1.9625009999999996,0.725,3.529166,-2.7291665,0.725,3.4500010000000003,-3.495832,0.725,3.3624989999999997,-4.141667
0.73,3.9958329999999975,-0.30000160000000164,0.73,3.774998,-1.1791687000000008,0.73,3.6041659999999993,-2.0166670000000018,0.73,3.4874969999999976,-2.7708355000000022,0.73,3.412502,-3.5333310000000004,0.73,3.3208309999999983,-4.183335000000001
0.735,3.9583319999999986,-0.33750260000000054,0.735,3.7333320000000008,-1.2208347000000002,0.735,3.5458320000000008,-2.0750010000000003,0.735,3.441668,-2.8166645,0.735,3.374998999999999,-3.5708340000000014,0.735,3.2875000000000014,-4.216665999999998
0.74,3.8958319999999986,-0.40000260000000054,0.74,3.6625000000000014,-1.2916666999999995,0.74,3.491665000000001,-2.129168,0.74,3.4124999999999996,-2.8458325,0.74,3.333332000000002,-3.612500999999998,0.74,3.249997999999998,-4.254168000000002
0.745,3.8499979999999994,-0.4458365999999998,0.745,3.620830999999999,-1.333335700000002,0.745,3.466664999999999,-2.154168000000002,0.745,3.3583320000000008,-2.900000499999999,0.745,3.2833320000000015,-3.662500999999999,0.745,3.2041639999999987,-4.300002000000001
0.75,3.7708319999999986,-0.5250026000000005,0.75,3.5625,-1.391666700000001,0.75,3.425001,-2.195832000000001,0.75,3.3166649999999986,-2.941667500000001,0.75,3.2291680000000014,-3.716664999999999,0.75,3.1374989999999983,-4.366667000000001
0.755,3.7250000000000014,-0.5708345999999977,0.755,3.5291650000000025,-1.4250016999999984,0.755,3.3666690000000017,-2.2541639999999994,0.755,3.2541670000000007,-3.004165499999999,0.755,3.1874980000000015,-3.758334999999999,0.755,3.0750010000000003,-4.429164999999999
0.76,3.6708320000000008,-0.6250025999999984,0.76,3.491665499999998,-1.4625012000000028,0.76,3.2958339999999993,-2.324999000000002,0.76,3.2041679999999992,-3.0541645000000006,0.76,3.162502,-3.7833310000000004,0.76,3.0249989999999993,-4.479167
0.765,3.654167000000001,-0.6416675999999981,0.765,3.4583330000000014,-1.4958336999999995,0.765,3.266665999999999,-2.354167000000002,0.765,3.150001999999999,-3.108330500000001,0.765,3.125,-3.8208330000000004,0.765,2.9916659999999986,-4.512500000000001
0.77,3.637500000000001,-0.6583345999999981,0.77,3.4208350000000003,-1.5333317000000006,0.77,3.233333,-2.387500000000001,0.77,3.1208339999999986,-3.1374985000000013,0.77,3.079168000000001,-3.8666649999999994,0.77,2.9666650000000008,-4.537500999999999
0.775,3.616666999999998,-0.6791676000000013,0.775,3.3749990000000007,-1.5791677000000002,0.775,3.2083330000000014,-2.4124999999999996,0.775,3.1041669999999986,-3.1541655000000013,0.775,3.020832999999998,-3.9250000000000025,0.775,2.9416659999999997,-4.5625
0.78,3.5958330000000007,-0.7000015999999984,0.78,3.3499990000000004,-1.6041677000000005,0.78,3.1708339999999993,-2.449999000000002,0.78,3.0750010000000003,-3.1833314999999995,0.78,2.987501,-3.9583320000000004,0.78,2.920833,-4.583333
0.785,3.550001,-0.7458335999999992,0.785,3.299998999999998,-1.654167700000003,0.785,3.1458309999999994,-2.4750020000000017,0.785,3.0458339999999993,-3.2124985000000006,0.785,2.974997000000002,-3.9708359999999985,0.785,2.9041680000000003,-4.599997999999999
0.79,3.512502999999999,-0.7833316000000003,0.79,3.2666660000000007,-1.6875007000000002,0.79,3.124998999999999,-2.495834000000002,0.79,3.0250000000000004,-3.2333324999999995,0.79,2.9499999999999993,-3.995833000000001,0.79,2.883334999999999,-4.620831000000001
0.795,3.4541670000000018,-0.8416675999999974,0.795,3.2249989999999986,-1.7291677000000023,0.795,3.091668000000002,-2.529164999999999,0.795,2.987499999999999,-3.270832500000001,0.795,2.920833,-4.025,0.795,2.850000999999999,-4.654165000000001
0.8,3.425000999999998,-0.870833600000001,0.8,3.2166680000000003,-1.7374987000000006,0.8,3.0666649999999986,-2.5541680000000024,0.8,2.954167,-3.3041655,0.8,2.8958329999999997,-4.050000000000001,0.8,2.820832000000001,-4.6833339999999986
0.805,3.3958340000000007,-0.9000005999999985,0.805,3.187498999999999,-1.766667700000002,0.805,3.045831999999999,-2.575001000000002,0.805,2.933332,-3.3250005,0.805,2.887500000000001,-4.058332999999999,0.805,2.774998,-4.729168
0.81,3.3833339999999996,-0.9125005999999996,0.81,3.170834000000001,-1.7833326999999999,0.81,3.029166,-2.591667000000001,0.81,2.9375009999999993,-3.3208315000000006,0.81,2.8749990000000007,-4.070834,0.81,2.7583340000000014,-4.745831999999998
0.815,3.3583320000000008,-0.9375025999999984,0.815,3.154166,-1.800000700000001,0.815,3.0124989999999983,-2.608334000000003,0.815,2.9124990000000004,-3.3458334999999995,0.815,2.841666,-4.104167,0.815,2.741665000000001,-4.7625009999999985
0.82,3.3166680000000017,-0.9791665999999974,0.82,3.133333999999998,-1.820832700000003,0.82,2.974999999999998,-2.645833000000003,0.82,2.887501999999998,-3.370830500000002,0.82,2.808332,-4.137501,0.82,2.750001000000001,-4.754164999999999
0.825,3.283334,-1.0125005999999992,0.825,3.116666000000002,-1.8375006999999988,0.825,2.954164999999998,-2.666668000000003,0.825,2.8708339999999986,-3.3874985000000013,0.825,2.8125009999999993,-4.133332000000001,0.825,2.7333350000000003,-4.770830999999999
0.83,3.270834999999998,-1.024999600000001,0.83,3.0958319999999997,-1.8583347000000012,0.83,2.9416639999999994,-2.6791690000000017,0.83,2.8833339999999996,-3.3749985000000002,0.83,2.795834000000001,-4.149998999999999,0.83,2.7291670000000003,-4.774998999999999
0.835,3.270832999999998,-1.0250016000000013,0.835,3.0875009999999996,-1.8666657000000013,0.835,2.9416639999999994,-2.6791690000000017,0.835,2.879168,-3.3791645,0.835,2.799999999999999,-4.145833000000001,0.835,2.7250000000000014,-4.779165999999998
0.84,3.2708329999999997,-1.0250015999999995,0.84,3.079165999999999,-1.875000700000002,0.84,2.933332,-2.687501000000001,0.84,2.870833000000001,-3.3874994999999988,0.84,2.783334,-4.162499,0.84,2.733333,-4.770833
0.845,3.2874990000000004,-1.0083355999999988,0.845,3.0791649999999997,-1.8750017000000012,0.845,2.9249979999999987,-2.6958350000000024,0.845,2.8541690000000024,-3.4041634999999975,0.845,2.783334,-4.162499,0.845,2.720832999999999,-4.783333000000001
0.85,3.2916670000000003,-1.0041675999999988,0.85,3.0708330000000004,-1.8833337000000006,0.85,2.9208350000000003,-2.699998000000001,0.85,2.849999999999998,-3.408332500000002,0.85,2.783334,-4.162499,0.85,2.7125009999999996,-4.791665
0.855,3.2874999999999996,-1.0083345999999995,0.855,3.074997999999999,-1.879168700000002,0.855,2.9208329999999982,-2.700000000000003,0.855,2.845832999999999,-3.412499500000001,0.855,2.7708340000000007,-4.174999,0.855,2.7041679999999992,-4.799998
0.86,3.2541670000000007,-1.0416675999999985,0.86,3.0708330000000004,-1.8833337000000006,0.86,2.920836999999999,-2.6999960000000023,0.86,2.8458330000000007,-3.412499499999999,0.86,2.766666999999998,-4.179166000000002,0.86,2.7041649999999997,-4.800001
0.865,3.2583339999999996,-1.0375005999999996,0.865,3.079165999999999,-1.875000700000002,0.865,2.9208339999999993,-2.699999000000002,0.865,2.8499989999999986,-3.4083335000000012,0.865,2.7624999999999993,-4.183333000000001,0.865,2.7041679999999992,-4.799998
0.87,3.2749999999999986,-1.0208346000000006,0.87,3.0666649999999986,-1.8875017000000023,0.87,2.9291680000000007,-2.6916650000000004,0.87,2.8625000000000007,-3.395832499999999,0.87,2.7666679999999992,-4.179165000000001,0.87,2.695836,-4.80833
0.875,3.2750009999999996,-1.0208335999999996,0.875,3.0708330000000004,-1.8833337000000006,0.875,2.9375029999999995,-2.6833300000000015,0.875,2.8791660000000014,-3.3791664999999984,0.875,2.7833319999999997,-4.162501000000001,0.875,2.7083329999999997,-4.795833
0.88,3.245833000000001,-1.050001599999998,0.88,3.091666000000002,-1.8625006999999991,0.88,2.941666999999999,-2.679166000000002,0.88,2.8833340000000014,-3.3749984999999985,0.88,2.791669999999998,-4.154163000000002,0.88,2.720834,-4.783332
0.885,3.2499990000000007,-1.0458355999999984,0.885,3.1000010000000007,-1.8541657000000002,0.885,2.9458329999999986,-2.6750000000000025,0.885,2.8958329999999997,-3.3624995,0.885,2.820836,-4.1249970000000005,0.885,2.750001000000001,-4.754164999999999
0.89,3.274999000000001,-1.020835599999998,0.89,3.1166680000000007,-1.8374987000000003,0.89,2.9624999999999986,-2.6583330000000025,0.89,2.9083319999999997,-3.3500005,0.89,2.833335,-4.112498,0.89,2.754168,-4.749998
0.895,3.316666999999999,-0.9791676000000002,0.895,3.1166659999999986,-1.8375007000000023,0.895,2.987501999999999,-2.633331000000002,0.895,2.9333340000000003,-3.3249984999999995,0.895,2.8666669999999996,-4.079166000000001,0.895,2.7791680000000003,-4.724997999999999
0.9,3.3250010000000003,-0.9708335999999989,0.9,3.137499000000002,-1.816667699999999,0.9,3.0124999999999993,-2.608333000000002,0.9,2.9499999999999993,-3.3083325000000006,0.9,2.8999999999999986,-4.045833000000002,0.9,2.812498999999999,-4.691667000000001
